personId,firstName,email,dateOfBirth,team_teamNo,team_teamName
1,John Doe,johndoe@example.com,1990-01-01,101,Team A
2,Jane Smith,janesmith@example.com,1985-05-15,102,Team B
3,Michael Johnson,michaeljohnson@example.com,1988-12-20,101,Team A
4,Emily Brown,emilybrown@example.com,1995-07-10,103,Team C
5,David Lee,davidlee@example.com,1992-03-25,102,Team B
6,Sarah Taylor,sarahtaylor@example.com,1983-09-08,104,Team D
7,Matthew Wilson,matthewwilson@example.com,1986-11-30,101,Team A
8,Amanda Clark,amandaclark@example.com,1991-04-18,103,Team C
9,Christopher White,christopherwhite@example.com,1989-08-22,102,Team B
10,Laura Martinez,lauramartinez@example.com,1993-06-12,104,Team D
11,Brian Anderson,briananderson@example.com,1987-02-28,101,Team A
12,Michelle Thomas,michellethomas@example.com,1984-10-05,103,Team C
13,Steven Garcia,stevengarcia@example.com,1990-12-15,102,Team B
14,Samantha Hernandez,samanthahernandez@example.com,1996-03-20,104,Team D
15,Daniel Martinez,danielmartinez@example.com,1982-07-18,101,Team A
16,Kelly Rodriguez,kellyrodriguez@example.com,1985-09-25,103,Team C
17,James Nguyen,jamesnguyen@example.com,1994-05-05,102,Team B
18,Ashley Kim,ashleykim@example.com,1988-11-10,104,Team D
19,Joshua Patel,joshuapatel@example.com,1992-02-14,101,Team A
20,Stephanie King,stephanieking@example.com,1983-04-02,103,Team C
21,Andrew Lee,andrewlee@example.com,1986-10-08,102,Team B
22,Kimberly Gonzales,kimberlygonzales@example.com,1990-12-20,104,Team D
23,Jason Taylor,jasontaylor@example.com,1981-06-30,101,Team A
24,Nicole Brown,nicolebrown@example.com,1984-08-17,103,Team C
25,Ryan Lewis,ryanlewis@example.com,1997-01-25,102,Team B
26,Heather Hall,heatherhall@example.com,1989-03-12,104,Team D
27,Brandon Wright,brandonwright@example.com,1987-07-05,101,Team A
28,Rebecca Young,rebeccayoung@example.com,1991-09-14,103,Team C
29,Justin Clark,justinclark@example.com,1982-11-22,102,Team B
30,Courtney Perez,courtneyperez@example.com,1995-04-01,104,Team D
31,Nathan Walker,nathanwalker@example.com,1988-12-10,101,Team A
32,Diana Green,dianagreen@example.com,1983-06-28,103,Team C
33,Mark Martinez,markmartinez@example.com,1990-08-05,102,Team B
34,Lisa Baker, lisabaker@example.com,1986-02-15,104,Team D
35,Joseph Nguyen, josephnguyen@example.com,1989-07-20,101,Team A
36,Angela Harris,angelaharris@example.com,1982-03-18,103,Team C
37,William Anderson,williamanderson@example.com,1993-09-10,102,Team B
38,Alexandra Martinez,alexandramartinez@example.com,1985-01-02,104,Team D
39,Michael Thompson,michaelthompson@example.com,1988-04-05,101,Team A
40,Lauren Lopez,laurenlopez@example.com,1997-06-22,103,Team C
41,Tyler King,tylerking@example.com,1981-10-30,102,Team B
42,Megan Edwards,meganedwards@example.com,1990-12-25,104,Team D
43,Christopher Wilson,christopherwilson@example.com,1983-08-08,101,Team A
44,Katie Taylor,katietaylor@example.com,1986-04-15,103,Team C
45,Robert Lee,robertlee@example.com,1991-11-05,102,Team B
46,Jennifer Adams,jenniferadams@example.com,1984-05-20,104,Team D
47,David Hernandez,davidhernandez@example.com,1989-09-12,101,Team A
48,Ashley Thomas,ashleythomas@example.com,1982-01-28,103,Team C
49,Matthew Garcia,matthewgarcia@example.com,1996-08-01,102,Team B
50,Sarah Wilson,sarahwilson@example.com,1987-03-22,104,Team D
51,Christopher Martinez,christophermartinez@example.com,1988-07-10,101,Team A
52,Melissa Robinson,melissarobinson@example.com,1993-05-18,103,Team C
53,Joshua Hall,joshuahall@example.com,1984-09-30,102,Team B
54,Amanda Young,amandayoung@example.com,1990-02-05,104,Team D
55,Daniel Hernandez,danielhernandez@example.com,1981-12-15,101,Team A
56,Brittany White,brittanywhite@example.com,1986-06-23,103,Team C
57,Justin Moore,justinmoore@example.com,1991-04-10,102,Team B
58,Lauren Allen,laurenallen@example.com,1989-08-02,104,Team D
59,Jonathan Martinez,jonathanmartinez@example.com,1982-11-20,101,Team A
60,Kristen Perez,kristenperez@example.com,1995-03-08,103,Team C
61,Andrew Kim,andrewkim@example.com,1987-07-12,102,Team B
62,Natalie Mitchell,nataliemitchell@example.com,1990-09-25,104,Team D
63,Eric Thompson,ericthompson@example.com,1983-01-28,101,Team A
64,Ashley Hernandez,ashleyhernandez@example.com,1986-05-15,103,Team C
65,Jordan King,jordanking@example.com,1991-12-20,102,Team B
66,Emily Scott,emilyscott@example.com,1984-08-30,104,Team D
67,Matthew Lopez,matthewlopez@example.com,1989-02-03,101,Team A
68,Katherine Adams,katherineadams@example.com,1996-06-22,103,Team C
69,Brandon Lee,brandonlee@example.com,1981-10-10,102,Team B
70,Stephanie Perez,stephanieperez@example.com,1987-04-18,104,Team D
71,Robert Martinez,robertmartinez@example.com,1982-09-30,101,Team A
72,Elizabeth Garcia,elizabethgarcia@example.com,1995-05-12,103,Team C
73,Michael Brown,michaelbrown@example.com,1988-01-20,102,Team B
74,Kimberly Wilson,kimberlywilson@example.com,1991-07-08,104,Team D
75,David Smith,davidsmith@example.com,1984-11-05,101,Team A
76,Jessica Nguyen,jessicanguyen@example.com,1986-03-23,103,Team C
77,James Johnson,jamesjohnson@example.com,1990-10-15,102,Team B
78,Samantha Perez,samanthaperez@example.com,1982-06-10,104,Team D
79,Joseph Lee,josephlee@example.com,1987-12-12,101,Team A
80,Emily Robinson,emilyrobinson@example.com,1993-09-20,103,Team C
81,Joshua Moore,joshuamoore@example.com,1981-02-28,102,Team B
82,Heather Lewis,heatherlewis@example.com,1996-07-01,104,Team D
83,Brian Martinez,brianmartinez@example.com,1988-11-10,101,Team A
84,Kimberly Taylor,kimberlytaylor@example.com,1983-05-18,103,Team C
85,Andrew Jackson,andrewjackson@example.com,1990-03-25,102,Team B
86,Stephanie Brown,stephaniebrown@example.com,1986-09-10,104,Team D
87,Michael Williams,michaelwilliams@example.com,1991-01-15,101,Team A
88,Melissa Rodriguez,melissarodriguez@example.com,1984-07-08,103,Team C
89,David Thompson,davidthompson@example.com,1989-04-20,102,Team B
90,Amanda Nguyen,amandanguyen@example.com,1995-08-22,104,Team D
91,Matthew Hernandez,matthewhernandez@example.com,1982-12-30,101,Team A
92,Ashley Young,ashleyyoung@example.com,1985-04-05,103,Team C
93,Christopher Kim,christopherkim@example.com,1990-10-15,102,Team B
94,Emily Garcia,emilygarcia@example.com,1987-06-22,104,Team D
95,Daniel Rodriguez,danielrodriguez@example.com,1981-03-18,101,Team A
96,Jennifer Martinez,jennifermartinez@example.com,1986-05-20,103,Team C
97,Joseph Brown,josephbrown@example.com,1991-09-12,102,Team B
98,Samantha Thomas,samanthathomas@example.com,1984-01-28,104,Team D
99,Justin Wilson,justinwilson@example.com,1996-06-01,101,Team A
100,Amanda Scott,amandascott@example.com,1983-11-15,103,Team C
